url,text,organismo,codigo
https://www.hacienda.cl/transparencia/concursos_personal.html,Actos con efectos sobre terceros (concursos de personal),Ministerio de Hacienda,MH
https://www.hacienda.cl/transparencia/planta_historico.html,Dotación de planta,Ministerio de Hacienda,MH
https://www.hacienda.cl/transparencia/contrata_historico.html,Dotación a contrata,Ministerio de Hacienda,MH
https://www.hacienda.cl/transparencia/remuneraciones_historico.html,"Remuneraciones según estamentos, grados o jornadas",Ministerio de Hacienda,MH
https://www.hacienda.cl/transparencia/honorarios_historico.html,Dotación a honorarios,Ministerio de Hacienda,MH
https://www.hacienda.cl/transparencia/ciudadana.pdf,Norma General de Participación Ciudadana,Ministerio de Hacienda,MH
https://www.hacienda.cl/transparencia/formulario.pdf,Descarga de formulario para efectuar solicitudes de información,Ministerio de Hacienda,MH
https://www.hacienda.cl/transparencia/costos.pdf,Costos directos de reproducción de la información requerida vía ley N° 20.285,Ministerio de Hacienda,MH
https://www.mintrab.gob.cl/transparencia/dotacionplanta_historico.html,Personal de Planta,Ministerio del Trabajo,MT
https://www.mintrab.gob.cl/transparencia/dotacioncontrata_historico.html,Personal de Contrata,Ministerio del Trabajo,MT
https://www.mintrab.gob.cl/transparencia/dotacionhonorarios_historico.html,Personal a Honorarios,Ministerio del Trabajo,MT
https://www.mintrab.gob.cl/transparencia/remuneraciones.html,"Remuneraciones según estamentos, grados o jornadas",Ministerio del Trabajo,MT
https://www.mintrab.gob.cl/transparencia/per_otros.html,Otras contrataciones sujetas al código del Trabajo,Ministerio del Trabajo,MT
https://www.mintrab.gob.cl/transparencia/subsidio_programas.html,"El diseño de montos asignados y criterios de acceso a los programas de subsidios y otros beneficios que entregue el respectivo Órgano, además de las nóminas de beneficiarios de los programas sociales en ejecución.",Ministerio del Trabajo,MT
https://www.mintrab.gob.cl/transparencia/Instructivo_Presidencial_N1.pdf,"Instructivo Presidencial N° 1, Buenas Prácticas Laborales",Ministerio del Trabajo,MT
https://www.mintrab.gob.cl/transparencia/ResExenta_699.pdf,Procedimiento Transparencia Pasiva,Ministerio del Trabajo,MT
https://www.mintrab.gob.cl/transparencia/ResoluciÃ³nExentaN1614(TA).pdf,Procedimiento Transparencia Activa,Ministerio del Trabajo,MT
https://www.mintrab.gob.cl/transparencia/2018/EEFF-Subtrab.pdf,Estados Financieros 2017,Ministerio del Trabajo,MT
https://www.mintrab.gob.cl/transparencia/normativa/ResEx_N1680_22octubre2018_Individualiza_sujetos_pasivos_lobby.pdf,Nómina Sujetos Pasivos de Lobby,Ministerio del Trabajo,MT
https://www.mintrab.gob.cl/transparencia/normativa/Costos-Directos2010.pdf,Costos directos de reproducción de la información requerida vía Ley  N° 20.285,Ministerio del Trabajo,MT
https://www.mintrab.gob.cl/transparencia/Instructivo_Presidencial_N2.pdf,"Instructivo Presidencial  2, Declaración de Patrimonio e Intereses",Ministerio del Trabajo,MT
https://www.mop.cl/concursos/,Concursos de Personal,Ministerio de Obras Públicas,MOP
https://www.mop.gob.cl/archivos/2023/12/Bases-Prevencion-de-Riesgo-Contratos-MOP-con-Perspectiva-de-Genero_Julio-2023.pdf,Bases de Prevención de Riesgos para Contratos de Obras con Perspectiva de Género,Ministerio de Obras Públicas,MOP
https://dgop.mop.gob.cl/uploads/sites/5/2025/07/Guia_de_Huella_de_Carbono_para_proyectos_del_MOP_2025.pdf,,Ministerio de Obras Públicas,MOP
https://www.mop.cl/archivos/2022/10/Buen-vivir-vallascamineras-2022optimizado.pdf,file pdf iconVallas Camineras  Buen Vivir 2022 (PDF),Ministerio de Obras Públicas,MOP
https://www.mop.cl/archivos/2022/01/Plan_Mejores_Obras_para_Chile_2050.pdf,file pdf iconPlan Mejores Obras para Chile 2050,Ministerio de Obras Públicas,MOP
https://www.mop.cl/archivos/2022/01/Plan_Mejores_Obras_para_Chile_2050_Mapas.pdf,file pdf iconPlan Mejores Obras para Chile 2050 (mapas),Ministerio de Obras Públicas,MOP
https://cambioclimatico.mop.gob.cl/archivos/sites/2/2024/10/politica_de_sostenibilidad_Ministerio_de_Obras_Publicas_2024-2030.pdf,file pdf iconNueva Política de Sostenibilidad MOP,Ministerio de Obras Públicas,MOP
https://www.mop.cl/archivos/2021/07/Plan-de-Adaptacion-y-Mitigacion-de-los-Servicios-de-Infraestructura-al-Cambio-Climatico-2017-2022.pdf,file pdf iconPlan de Adaptación y Mitigación 2017-2022 de los Servicios de Infraestructura al Cambio Climático,Ministerio de Obras Públicas,MOP
https://www.mop.cl/archivos/2021/04/Estrategia_Nacional_Recursos_Hidricos_DGA.pdf,file pdf iconEstrategia Nacional de Recursos Hídricos,Ministerio de Obras Públicas,MOP
https://www.mop.cl/archivos/2021/04/Resolucion_MOP_888-2019_Nuevo_Reglamento_Cosoc.pdf,file pdf iconReglamento del Consejo de la Sociedad Civil,Ministerio de Obras Públicas,MOP
https://www.mop.cl/archivos/2021/04/Sistema-de-Concesiones-en-Chile-1990-2003.pdf,file pdf iconSistema de Concesiones en Chile 1990-2003,Ministerio de Obras Públicas,MOP
https://www.mop.cl/archivos/2024/06/ResEx268.pdf,file pdf iconNómina Renovación Comisiones Arbitrales,Ministerio de Obras Públicas,MOP
https://www.ips.gob.cl/servlet/internet/content/1421810828994/asignacion-maternal,https://www.ips.gob.cl/servlet/internet/content/1421810828994/asignacion-maternal,Ministerio de la Mujer,MM
https://minmujeryeg.gob.cl/wp-content/uploads/2024/12/Informe-CIF-final-17_12_2024.pdf,Circuito Intersectorial de Femicidios,Ministerio de la Mujer,MM
https://minmujeryeg.gob.cl/wp-content/uploads/2025/09/PLAN-DVLVG-1.pdf,,Ministerio de la Mujer,MM
https://minmujeryeg.gob.cl/wp-content/uploads/2025/08/ESTRATEGIA-ECONOMICA.pdf,,Ministerio de la Mujer,MM
https://minmujeryeg.gob.cl/wp-content/uploads/2025/09/Informe-CIF-2024-VF-SERNAMEG-27-08-25.pdf,,Ministerio de la Mujer,MM
https://minmujeryeg.gob.cl/wp-content/uploads/2024/12/Medida-139-de-la-ENIP.pdf,,Ministerio de la Mujer,MM
https://minmujeryeg.gob.cl/wp-content/uploads/2024/07/Resumen-Ejecutivo-Experiencias-de-vida-de-las-cuidadoras.pdf,,Ministerio de la Mujer,MM
https://minmujeryeg.gob.cl/wp-content/uploads/2024/06/Guia.pdf,,Ministerio de la Mujer,MM
https://minmujeryeg.gob.cl/wp-content/uploads/2023/01/Ministerio-MujeryEG300123.pdf,,Ministerio de la Mujer,MM
https://minmujeryeg.gob.cl/wp-content/uploads/2022/11/Guia-de-Salud-Menstrual-la-tribu.pdf,,Ministerio de la Mujer,MM
https://minmujeryeg.gob.cl/wp-content/uploads/2024/01/Hacia-un-Sistema-Integrado-de-Informacio%CC%81n-sobre-Violencia-Basada-en-Genero.pdf,,Ministerio de la Mujer,MM
https://minmujeryeg.gob.cl/wp-content/uploads/2024/12/Informe-CIF-final-17_12_2024.pdf ,Informe CIF,Ministerio de la Mujer,MM
https://s3.amazonaws.com/gobcl-prod/public_files/Campañas/Cuenta-Pública-2023/CP-sectoriales/Ministerio-de-la-Mujer-y-la-Equidad-de-Genero.pdf,Política de Riesgos Institucional[+].,Ministerio de la Mujer,MM
https://minmujeryeg.gob.cl/wp-content/uploads/2024/03/RESEX-1788-2023.pdf,Definición de responsables y sus roles[+].,Ministerio de la Mujer,MM
https://www.bienesnacionales.cl/wp-content/uploads/2024/03/Caracterizacion-solicitudes-tramitadas-entre-enero-y-diciembre-2023-1.xlsx,Caracterización de Solicitudes Tramitadas entre Enero y Diciembre 2023,Ministerio de Bienes Nacionales,MBN
https://www.bienesnacionales.cl/wp-content/uploads/2024/03/Casos-en-Proceso-a-Diciembre-2023.xlsx,Casos en Proceso a Diciembre 2023,Ministerio de Bienes Nacionales,MBN
https://www.bienesnacionales.cl/wp-content/uploads/2024/03/Solicitudes-pendientes-de-cobro-vale-vista-devolucion-de-excedentes-a-diciembre-2023.xlsx,"Solicitudes Pendientes de Cobro Vale Vista, Devolución de Excedentes a Diciembre 2023",Ministerio de Bienes Nacionales,MBN
https://www.bienesnacionales.cl/wp-content/uploads/2024/03/Titulos-disponibles-de-entrega-a-Diciembre-2023.xlsx,Títulos Disponibles de Entrega a Diciembre 2023,Ministerio de Bienes Nacionales,MBN
https://www.bienesnacionales.cl/wp-content/uploads/2023/01/Caracterizacion-solicitudes-tramitadas-entre-enero-y-diciembre-2022.xlsx,Caracterización de Solicitudes Tramitadas entre Enero y Diciembre 2022,Ministerio de Bienes Nacionales,MBN
https://www.bienesnacionales.cl/wp-content/uploads/2023/01/Casos-en-Proceso-a-Diciembre-2022.xlsx,Casos en Proceso a Diciembre 2022,Ministerio de Bienes Nacionales,MBN
https://www.bienesnacionales.cl/wp-content/uploads/2023/01/Informacion-para-Tramite-Regularizacion-de-Titulo-de-Dominio.pdf,Información para Trámite Regularización de Título de Dominio,Ministerio de Bienes Nacionales,MBN
https://www.bienesnacionales.cl/wp-content/uploads/2023/01/Solicitudes-pendientes-de-cobro-vale-vista-devolucion-de-excedentes-a-diciembre-2022.xlsx,"Solicitudes Pendientes de Cobro Vale Vista, Devolución de Excedentes a Diciembre 2022",Ministerio de Bienes Nacionales,MBN
https://www.bienesnacionales.cl/wp-content/uploads/2023/01/Titulos-disponibles-de-entrega-a-Diciembre-2022.xlsx,Títulos Disponibles de Entrega a Diciembre 2022,Ministerio de Bienes Nacionales,MBN
https://www.bienesnacionales.cl/wp-content/uploads/2025/08/Inmuebles_Fiscales_segun_tipo_de_administracion_-_agosto_2025-39.xlsx,Inmuebles Fiscales Según Modo de Administración Año 2025-Agosto,Ministerio de Bienes Nacionales,MBN
https://www.bienesnacionales.cl/wp-content/uploads/2025/05/PPFFAA_MARZO_2025-7098.xlsx,Inmuebles Fiscales Según Modo de Administración Año 2025-Marzo,Ministerio de Bienes Nacionales,MBN
https://www.bienesnacionales.cl/wp-content/uploads/2024/07/PPFFAA_JULIO_24.xlsx,Inmuebles Fiscales Según Modo de Administración Año 2024-Julio,Ministerio de Bienes Nacionales,MBN
https://www.bienesnacionales.cl/wp-content/uploads/2024/03/Subsecretaria_de_Bienes_Nacionales-MESU_2023.pdf,Encuesta de Satisfacción MBN 2023,Ministerio de Bienes Nacionales,MBN
https://www.bienesnacionales.cl/wp-content/uploads/2023/01/Encuesta-de-Satisfaccion-MBN-2022.pdf,Encuesta de Satisfacción MBN 2022,Ministerio de Bienes Nacionales,MBN
https://www.bienesnacionales.cl/wp-content/uploads/2023/01/GUIA-DE-TRAMITES.pdf,Guía de Tramites,Ministerio de Bienes Nacionales,MBN
https://www.bienesnacionales.cl/wp-content/uploads/2021/06/Equidad-de-Género.pdf,,Ministerio de Bienes Nacionales,MBN
https://www.bienesnacionales.cl/wp-content/uploads/2019/08/Planilla_Informe_Gastos_en_Publicidad_2019_Glosa_02_Ley_21.125___Segundo_Trimestre.xlsx,Gastos en publicidad y difusión,Ministerio de Bienes Nacionales,MBN
https://www.sii.cl/transparencia/planta_historico.html,Dotación Planta,Servicio de Impuestos Internos,SII
https://www.sii.cl/transparencia/contrata_historico.html,Dotación Contrata,Servicio de Impuestos Internos,SII
https://www.sii.cl/transparencia/honorarios_historico.html,Dotación Honorarios,Servicio de Impuestos Internos,SII
https://www.sii.cl/transparencia/info_estadistica_bonificaciones.html,Información estadística sobre bonificaciones,Servicio de Impuestos Internos,SII
https://www.sii.cl/transparencia/plantilla_escala_historica.html,"Remuneraciones según estamentos, grados o jornadas",Servicio de Impuestos Internos,SII
https://www.sii.cl/transparencia/2025/nomina_tt.html,Nómina de funcionarios que pueden realizar labores fuera de las dependencias o teletrabajo,Servicio de Impuestos Internos,SII
https://www.dipres.gob.cl/597/articles-354879_doc_pdf.pdf,Presupuesto vigente,Servicio de Impuestos Internos,SII
https://www.sii.cl/normativa_legislacion/resoluciones/2023/reso126.pdf,Norma general de participación ciudadana,Servicio de Impuestos Internos,SII
https://www.sernac.cl/transparencia/archives/historico_per_planta.html,Dotación de planta,Servicio Nacional del Consumidor,SERNAC
https://www.sernac.cl/transparencia/archives/historico_per_contrata.html,Dotación a contrata,Servicio Nacional del Consumidor,SERNAC
https://www.sernac.cl/transparencia/archives/2017/10/remuneraciones.html,"Remuneraciones según estamentos, grados o jornadas",Servicio Nacional del Consumidor,SERNAC
https://www.sernac.cl/transparencia/archives/historico_per_honorarios.html,Dotación a honorarios,Servicio Nacional del Consumidor,SERNAC
http://www.sernac.cl/transparencia/archives/pdf/BGI_2016.pdf,Balance de Gestión Integral,Servicio Nacional del Consumidor,SERNAC
https://cdn-site.sence.gob.cl/sites/default/files/eeff_sence_2024.pdf,"Estados Financieros SENCE 2024, no auditados",Servicio Nacional de Capacitación,SENCE
https://cdn-site.sence.gob.cl/sites/default/files/eeff_sence_2024.pdf,"Estados Financieros SENCE 2024, no auditados",Servicio Nacional de Capacitación,SENCE
https://www.sernatur.cl/transparencia/transparencia/personal/planta_historico.html,Dotación de planta,Servicio Nacional de Turismo,SERNATUR
https://www.sernatur.cl/transparencia/transparencia/personal/contrata_historico.html,Dotación a contrata,Servicio Nacional de Turismo,SERNATUR
https://www.sernatur.cl/transparencia/transparencia/personal/historico_remuneracion.html,"Remuneraciones según estamentos, grados o jornadas",Servicio Nacional de Turismo,SERNATUR
https://www.sernatur.cl/transparencia/transparencia/personal/honorarios_historico.html,Dotación a honorarios,Servicio Nacional de Turismo,SERNATUR
https://www.sernapesca.cl/transparencia/dotacionplanta.html,Dotación de planta,Servicio Nacional de Pesca,SERNAPESCA
https://www.sernapesca.cl/transparencia/dotacioncontrata.html,Dotación a contrata,Servicio Nacional de Pesca,SERNAPESCA
https://www.sernapesca.cl/transparencia/per_remuneraciones.html,"Remuneraciones según estamentos, grados o jornadas",Servicio Nacional de Pesca,SERNAPESCA
https://www.sernapesca.cl/transparencia/honorarios.html,Dotación a honorarios,Servicio Nacional de Pesca,SERNAPESCA
https://transparencia.losangeles.cl/app.php/ALMACENAMIENTO/MUNICIPALIDAD/2025/26B/N26b-01-2025-PRESUPUESTO-MUNICIPAL-MUNICIPALIDAD.pdf,– MUNICIPALIDAD,Municipalidad de Los Ángeles,LA
https://transparencia.losangeles.cl/app.php/ALMACENAMIENTO/MUNICIPALIDAD/2025/26B/N26b-01-2025-PRESUPUESTO-MUNICIPAL-EDUCACION.pdf,– EDUCACION,Municipalidad de Los Ángeles,LA
https://transparencia.losangeles.cl/app.php/ALMACENAMIENTO/MUNICIPALIDAD/2025/26B/N26b-01-2025-PRESUPUESTO-MUNICIPAL-SALUD.pdf,– SALUD,Municipalidad de Los Ángeles,LA
https://transparencia.losangeles.cl/app.php/ALMACENAMIENTO/MUNICIPALIDAD/2025/26B/N26b-01-2025-PRESUPUESTO-MUNICIPAL-CEMENTERIO.pdf,– CEMENTERIO,Municipalidad de Los Ángeles,LA
https://transparencia.losangeles.cl/app.php/ALMACENAMIENTO/MUNICIPALIDAD/2025/100/N100-01-2025-ESCALA-UNICA-DE-REMUNERACIONES-Municipalidad_2025.pdf,– MUNICIPALIDAD,Municipalidad de Los Ángeles,LA
https://transparencia.losangeles.cl/app.php/ALMACENAMIENTO/MUNICIPALIDAD/2025/100/N100-01-2025-ESCALA-UNICA-DE-REMUNERACIONES-Educaci%C3%B3n_2025.pdf,– EDUCACION,Municipalidad de Los Ángeles,LA
https://transparencia.losangeles.cl/app.php/ALMACENAMIENTO/MUNICIPALIDAD/2025/100/N100-01-2025-ESCALA-UNICA-DE-REMUNERACIONES-Salud_2025.pdf,– SALUD,Municipalidad de Los Ángeles,LA
https://transparencia.losangeles.cl/app.php/ALMACENAMIENTO/DOCUMENTOS/cuentapublica/CUENTA_PUBLICA_2023.pdf,– GESTIÓN 2023,Municipalidad de Los Ángeles,LA
https://transparencia.losangeles.cl/app.php/ALMACENAMIENTO/DOCUMENTOS/cuentapublica/CUENTA_PUBLICA_2022.pdf,– GESTIÓN 2022,Municipalidad de Los Ángeles,LA
https://transparencia.lascondes.cl/transparencia/remuneraciones.html,Personal y Remuneraciones,Municipalidad de Las Condes,LC
http://transparencia.lascondes.cl/transparencia/adquisiciones.html,Contratación de bienes inmuebles y Otras Compras.,Municipalidad de Las Condes,LC
https://www.penalolen.cl/transparencia/personal.html,Personal,Municipalidad de Peñalolén,MP
https://www.penalolen.cl/transparencia/contrataciones.html,Contrataciones,Municipalidad de Peñalolén,MP
https://www.sanmiguel.cl/transparencia/,Dotación Personal,Municipalidad de San Miguel,SM
http://www2.sanmiguel.cl/transparencia/web/index.php?action=plantillas_selec_fecha&ig=222,ESCALA DE REMUNERACIONES 2017,Municipalidad de San Miguel,SM
https://www.sanmiguel.cl/transparencia/index.php?action=plantillas_selec_fecha&ig=14,Funcionarios Planta,Municipalidad de San Miguel,SM
https://www.sanmiguel.cl/transparencia/index.php?action=plantillas_selec_fecha&ig=13,Funcionarios de contrata,Municipalidad de San Miguel,SM
https://www.sanmiguel.cl/transparencia/index.php?action=plantillas_selec_fecha&ig=73,Funcionarios Honorarios,Municipalidad de San Miguel,SM
https://www.sanmiguel.cl/transparencia/index.php?action=plantillas_selec_fecha&ig=58,Personal P.G.E,Municipalidad de San Miguel,SM
https://www.sanmiguel.cl/transparencia/index.php?action=plantillas_selec_fecha&ig=10,Honorarios de Programas,Municipalidad de San Miguel,SM
http://www2.sanmiguel.cl/transparencia/web/index.php?action=plantillas_selec_fecha&ig=155,Personal sujeto a código del trabajo,Municipalidad de San Miguel,SM
http://www2.sanmiguel.cl/transparencia/web/index.php?action=plantillas_selec_fecha&ig=127,Concurso de Personal,Municipalidad de San Miguel,SM
http://www.sanmiguel.cl/web/agosto/ordenanzas/D_E_2201_Aprueba%20Ordenanza%20sobre%20derechos%20municipales%20a%f1o%202012.pdf,Costos de Reproducción,Municipalidad de San Miguel,SM
https://www.cerronavia.cl/wp-content/uploads/2023/04/REGLAMENTO-INTERNO-2022.pdf,Reglamento interno 2022,Municipalidad de Cerro Navia,CN
https://www.cerronavia.cl/wp-content/uploads/2023/04/Modifica-Reglamento-de-Planta-Tomado-de-Razaon-.pdf,27/03/2023,Municipalidad de Cerro Navia,CN
https://www.cerronavia.cl/wp-content/uploads/2024/09/REGLAMENTO-PROTOCOLO-ACOSO-1.pdf,Reglamento Protocolo de Acoso (Ley Karin),Municipalidad de Cerro Navia,CN
https://www.cerronavia.cl/wp-content/uploads/2025/04/Cuenta-Pública-2024-2036.pdf,Informe Cuenta Pública 2024,Municipalidad de Cerro Navia,CN
https://www.cerronavia.cl/wp-content/uploads/2025/04/presentación-cuenta-pública-Corregida-ALTA_compressed.pdf,Presentación Cuenta Pública 2024,Municipalidad de Cerro Navia,CN
https://www.cerronavia.cl/wp-content/uploads/2024/04/Informe-Cuenta-Pública-2023..pdf,Informe Cuenta Pública 2023,Municipalidad de Cerro Navia,CN
https://www.cerronavia.cl/wp-content/uploads/2024/04/PDF-Cuenta-Pública-2023_.pdf,Presentación Cuenta Pública 2023,Municipalidad de Cerro Navia,CN
https://www.cerronavia.cl/wp-content/uploads/2023/04/CP2022.pdf,Informe Cuenta Pública 2022,Municipalidad de Cerro Navia,CN
https://www.cerronavia.cl/wp-content/uploads/2023/04/CP2022-PRESENTACION.pdf,Presentación resumen Cuenta Pública 2022,Municipalidad de Cerro Navia,CN
https://www.cerronavia.cl/wp-content/uploads/2022/05/documento-cuentapublica2021.pdf,2021,Municipalidad de Cerro Navia,CN
https://www.cerronavia.cl/wp-content/uploads/2022/05/Presentacion-comunitaria.pdf,Cuenta Pública comunitaria,Municipalidad de Cerro Navia,CN
https://www.cerronavia.cl/wp-content/uploads/2021/04/Cuenta-Pública-2020..pdf,2020,Municipalidad de Cerro Navia,CN
https://www.cerronavia.cl/wp-content/uploads/2020/04/cta_publica_2019.pdf,2019,Municipalidad de Cerro Navia,CN
https://www.cerronavia.cl/wp-content/uploads/2020/04/cta_publica_2018.pdf,2018,Municipalidad de Cerro Navia,CN
https://www.cerronavia.cl/wp-content/uploads/2020/04/cta_publica_2017.pdf,2017,Municipalidad de Cerro Navia,CN
https://www.cerronavia.cl/wp-content/uploads/2024/12/PLAN_GOBIERNO_2024_2028.pdf,PLAN DE GOBIERNO 2024-2028,Municipalidad de Cerro Navia,CN
https://www.cerronavia.cl/wp-content/uploads/2021/08/Plan-de-Acción-para-la-implementación-del-plan-de-gestión.pdf,Plan de Acción para la implementación del plan de gestión,Municipalidad de Cerro Navia,CN
https://www.cerronavia.cl/wp-content/uploads/2020/03/PLADECO-2018-2021.pdf,PLADECO 2018 – 2021,Municipalidad de Cerro Navia,CN
https://www.cerronavia.cl/wp-content/uploads/2025/02/Plan-de-Desarrollo-Comunal-Cerro-Navia-2023-2030_modificacio%CC%81n2024.pdf,PLADECO 2023 – 2030,Municipalidad de Cerro Navia,CN
https://www.cerronavia.cl/wp-content/uploads/2020/05/Publicacion-Diario-Oficial-13.12.2019.pdf,Publicación Diario Oficial,Municipalidad de Cerro Navia,CN
https://www.cerronavia.cl/wp-content/uploads/2020/10/Ppt-Estudio-discapacidad-MEDIOS.pdf,Resultados abreviado,Municipalidad de Cerro Navia,CN
https://www.cerronavia.cl/wp-content/uploads/2021/04/FichaTecnica-y-Glosarios-ECDISC-2020-SECPLA.pdf,Ficha Técnica y Glosarios ECDISC 2020,Municipalidad de Cerro Navia,CN
https://www.cerronavia.cl/wp-content/uploads/2020/03/Ley_18695-ORGANICA-DE-MUNICIPALIDADES.pdf,Leyes,Municipalidad de Cerro Navia,CN
https://www.cerronavia.cl/wp-content/uploads/2024/09/Carta-Compromisos-UV-29-Diálogos-Ciudadanos-2024.docx.pdf,Unidad Vecinal N°29,Municipalidad de Cerro Navia,CN
https://www.cerronavia.cl/wp-content/uploads/2024/09/Carta-Compromisos-UV-30-Diálogos-Ciudadanos-2024.docx.pdf,Unidad Vecinal N°30,Municipalidad de Cerro Navia,CN
https://www.cerronavia.cl/wp-content/uploads/2024/09/Carta-Compromisos-UV-33-Diálogos-Ciudadanos-2024.docx.pdf,Unidad Vecinal N°33,Municipalidad de Cerro Navia,CN
https://www.cerronavia.cl/wp-content/uploads/2024/09/Carta-Compromisos-UV-34-Diálogos-Ciudadanos-2024.docx.pdf,Unidad Vecinal N°34,Municipalidad de Cerro Navia,CN
https://www.cerronavia.cl/wp-content/uploads/2024/09/Carta-Compromisos-UV-36-Diálogos-Ciudadanos-2024.docx.pdf,Unidad Vecinal N°36,Municipalidad de Cerro Navia,CN
https://www.cerronavia.cl/wp-content/uploads/2024/09/Carta-Compromisos-UV-37-Diálogos-Ciudadanos-2024.docx.pdf,Unidad Vecinal N°37,Municipalidad de Cerro Navia,CN
https://www.cerronavia.cl/wp-content/uploads/2024/09/Carta-Compromisos-UV-31-Diálogos-Ciudadanos.pdf,Unidad Vecinal N°31,Municipalidad de Cerro Navia,CN
https://www.cerronavia.cl/wp-content/uploads/2024/09/Carta-Compromisos-UV-32-Diálogos-Ciudadanos-2024.pdf,Unidad Vecinal N°32,Municipalidad de Cerro Navia,CN
https://www.cerronavia.cl/wp-content/uploads/2024/09/Carta-Compromisos-UV-35-Diálogos-Ciudadanos-2024.pdf,Unidad Vecinal N°35,Municipalidad de Cerro Navia,CN
https://www.cerronavia.cl/wp-content/uploads/2024/09/Carta-Compromisos-UV-24-Diálogos-Ciudadanos-2024.docx.pdf,Unidad Vecinal N°24,Municipalidad de Cerro Navia,CN
https://www.cerronavia.cl/wp-content/uploads/2024/09/Carta-Compromisos-UV-25-Diálogos-Ciudadanos-2024.docx.pdf,Unidad Vecinal N°25,Municipalidad de Cerro Navia,CN
https://www.cerronavia.cl/wp-content/uploads/2024/09/Carta-Compromisos-UV-26-Diálogos-Ciudadanos-2024.docx.pdf,Unidad Vecinal N°26,Municipalidad de Cerro Navia,CN
https://www.cerronavia.cl/wp-content/uploads/2024/08/Carta-Compromisos-UV-11-Diálogos-Ciudadanos-2024.pdf,Unidad Vecinal N°11,Municipalidad de Cerro Navia,CN
https://www.cerronavia.cl/wp-content/uploads/2024/08/Carta-Compromisos-UV-23-Diálogos-Ciudadanos-2024.pdf,Unidad Vecinal N°23,Municipalidad de Cerro Navia,CN
https://www.cerronavia.cl/wp-content/uploads/2024/08/Carta-Compromisos-UV-28-Diálogos-Ciudadanos-2024.pdf,Unidad Vecinal N°28,Municipalidad de Cerro Navia,CN
https://www.cerronavia.cl/wp-content/uploads/2024/08/Carta-Compromisos-UV-14-Diálogos-Ciudadanos-2024.pdf,Unidad Vecinal N°14,Municipalidad de Cerro Navia,CN
https://www.cerronavia.cl/wp-content/uploads/2024/08/Carta-Compromisos-UV-18-Diálogos-Ciudadanos-2024.pdf,Unidad Vecinal N°18,Municipalidad de Cerro Navia,CN
https://www.cerronavia.cl/wp-content/uploads/2024/08/Carta-Compromisos-UV-19-Diálogos-Ciudadanos-2024.pdf,Unidad Vecinal N°19,Municipalidad de Cerro Navia,CN
https://www.cerronavia.cl/wp-content/uploads/2024/08/Carta-Compromisos-UV-20-Diálogos-Ciudadanos-2024.pdf,Unidad Vecinal N°20,Municipalidad de Cerro Navia,CN
https://www.cerronavia.cl/wp-content/uploads/2024/08/Carta-Compromisos-UV-21-Diálogos-Ciudadanos-2024.pdf,Unidad Vecinal N°21,Municipalidad de Cerro Navia,CN
https://www.cerronavia.cl/wp-content/uploads/2024/08/Carta-Compromisos-UV-15-Diálogos-Ciudadanos-2024.pdf,Unidad Vecinal N°15,Municipalidad de Cerro Navia,CN
https://www.cerronavia.cl/wp-content/uploads/2024/08/Carta-Compromisos-UV-16-Diálogos-Ciudadanos-2024.pdf,Unidad Vecinal N°16,Municipalidad de Cerro Navia,CN
https://www.cerronavia.cl/wp-content/uploads/2024/08/Carta-Compromisos-UV-17-Diálogos-Ciudadanos-2024.pdf,Unidad Vecinal N°17,Municipalidad de Cerro Navia,CN
https://www.cerronavia.cl/wp-content/uploads/2024/08/Carta-Compromisos-UV-27-Diálogos-Ciudadanos-2024.pdf,Unidad Vecinal N°27,Municipalidad de Cerro Navia,CN
https://www.cerronavia.cl/wp-content/uploads/2024/08/Carta-Compromisos-UV-1-Diálogos-Ciudadanos-2024.pdf,Unidad Vecinal N°1,Municipalidad de Cerro Navia,CN
https://www.cerronavia.cl/wp-content/uploads/2024/08/Carta-Compromisos-UV-2-Diálogos-Ciudadanos-2024.pdf,Unidad Vecinal N°2,Municipalidad de Cerro Navia,CN
https://www.cerronavia.cl/wp-content/uploads/2024/08/Carta-Compromisos-UV-3-Diálogos-Ciudadanos-2024.pdf,Unidad Vecinal N°3,Municipalidad de Cerro Navia,CN
https://www.cerronavia.cl/wp-content/uploads/2024/08/Carta-Compromisos-UV-9-Diálogos-Ciudadanos-2024.pdf,Unidad Vecinal N°9,Municipalidad de Cerro Navia,CN
https://www.cerronavia.cl/wp-content/uploads/2024/08/Carta-Compromisos-UV-4-Diálogos-Ciudadanos-2024.pdf,Unidad Vecinal N°4,Municipalidad de Cerro Navia,CN
https://www.cerronavia.cl/wp-content/uploads/2024/09/Carta-Compromisos-UV-5-Diálogos-Ciudadanos-2024.docx.pdf,Unidad Vecinal N°5,Municipalidad de Cerro Navia,CN
https://www.cerronavia.cl/wp-content/uploads/2024/08/Carta-Compromisos-UV-6-Diálogos-Ciudadanos-2024.pdf,Unidad Vecinal N°6,Municipalidad de Cerro Navia,CN
https://www.cerronavia.cl/wp-content/uploads/2024/08/Carta-Compromisos-UV-10-Diálogos-Ciudadanos-2024.pdf,Unidad Vecinal N°10,Municipalidad de Cerro Navia,CN
https://www.cerronavia.cl/wp-content/uploads/2024/08/Carta-Compromisos-UV-12-Diálogos-Ciudadanos-2024.pdf,Unidad Vecinal N°12,Municipalidad de Cerro Navia,CN
https://www.cerronavia.cl/wp-content/uploads/2024/08/Carta-Compromisos-UV-13-Diálogos-Ciudadanos-2024.pdf,Unidad Vecinal N°13,Municipalidad de Cerro Navia,CN
https://www.cerronavia.cl/wp-content/uploads/2024/08/Carta-Compromisos-UV-22-Diálogos-Ciudadanos-2024.pdf,Unidad Vecinal N°22,Municipalidad de Cerro Navia,CN
https://www.cerronavia.cl/wp-content/uploads/2024/08/Carta-Compromisos-UV-7-Diálogos-Ciudadanos-2024.pdf,Unidad Vecinal N°7,Municipalidad de Cerro Navia,CN
https://www.cerronavia.cl/wp-content/uploads/2024/08/Carta-Compromisos-UV-8-Diálogos-Ciudadanos-2024.pdf,Unidad Vecinal N°8,Municipalidad de Cerro Navia,CN
https://www.cerronavia.cl/wp-content/uploads/2023/07/UV-29.pdf,Unidad Vecinal N°29,Municipalidad de Cerro Navia,CN
https://www.cerronavia.cl/wp-content/uploads/2023/07/UV-30.pdf,Unidad Vecinal N°30,Municipalidad de Cerro Navia,CN
https://www.cerronavia.cl/wp-content/uploads/2023/07/UV-33.pdf,Unidad Vecinal N°33,Municipalidad de Cerro Navia,CN
https://www.cerronavia.cl/wp-content/uploads/2023/07/UV-34.pdf,Unidad Vecinal N°34,Municipalidad de Cerro Navia,CN
https://www.cerronavia.cl/wp-content/uploads/2023/11/UV-36.pdf,Unidad Vecinal N°36,Municipalidad de Cerro Navia,CN
https://www.cerronavia.cl/wp-content/uploads/2023/11/UV-37.pdf,Unidad Vecinal N°37,Municipalidad de Cerro Navia,CN
https://www.cerronavia.cl/wp-content/uploads/2023/06/UV-31.pdf,Unidad Vecinal N°31,Municipalidad de Cerro Navia,CN
https://www.cerronavia.cl/wp-content/uploads/2023/06/UV-32.pdf,Unidad Vecinal N°32,Municipalidad de Cerro Navia,CN
https://www.cerronavia.cl/wp-content/uploads/2023/06/UV-35.pdf,Unidad Vecinal N°35,Municipalidad de Cerro Navia,CN
https://www.cerronavia.cl/wp-content/uploads/2023/06/UV-24.pdf,Unidad Vecinal N°24,Municipalidad de Cerro Navia,CN
https://www.cerronavia.cl/wp-content/uploads/2023/06/UV-25.pdf,Unidad Vecinal N°25,Municipalidad de Cerro Navia,CN
https://www.cerronavia.cl/wp-content/uploads/2023/06/UV-26.pdf,Unidad Vecinal N°26,Municipalidad de Cerro Navia,CN
https://www.cerronavia.cl/wp-content/uploads/2023/06/UV-11.pdf,Unidad Vecinal N°11,Municipalidad de Cerro Navia,CN
https://www.cerronavia.cl/wp-content/uploads/2023/06/UV-23.pdf,Unidad Vecinal N°23,Municipalidad de Cerro Navia,CN
https://www.cerronavia.cl/wp-content/uploads/2023/06/UV-28.pdf,Unidad Vecinal N°28,Municipalidad de Cerro Navia,CN
https://www.cerronavia.cl/wp-content/uploads/2023/06/UV-14.pdf,Unidad Vecinal N°14,Municipalidad de Cerro Navia,CN
https://www.cerronavia.cl/wp-content/uploads/2023/06/UV-18.pdf,Unidad Vecinal N°18,Municipalidad de Cerro Navia,CN
https://www.cerronavia.cl/wp-content/uploads/2023/06/UV-19.pdf,Unidad Vecinal N°19,Municipalidad de Cerro Navia,CN
https://www.cerronavia.cl/wp-content/uploads/2023/06/UV-20.pdf,Unidad Vecinal N°20,Municipalidad de Cerro Navia,CN
https://www.cerronavia.cl/wp-content/uploads/2023/06/UV-21.pdf,Unidad Vecinal N°21,Municipalidad de Cerro Navia,CN
https://www.cerronavia.cl/wp-content/uploads/2023/05/UV-15.pdf,Unidad Vecinal N°15,Municipalidad de Cerro Navia,CN
https://www.cerronavia.cl/wp-content/uploads/2023/05/UV-16.pdf,Unidad Vecinal N°16,Municipalidad de Cerro Navia,CN
https://www.cerronavia.cl/wp-content/uploads/2023/05/UV-17.pdf,Unidad Vecinal N°17,Municipalidad de Cerro Navia,CN
https://www.cerronavia.cl/wp-content/uploads/2023/05/UV-27.pdf,Unidad Vecinal N°27,Municipalidad de Cerro Navia,CN
https://www.cerronavia.cl/wp-content/uploads/2023/04/UV-1-CARTA-COMPROMISOS-DIÁLOGOS-CIUDADANOS-2023.docx-1.pdf,Unidad Vecinal N°1,Municipalidad de Cerro Navia,CN
https://www.cerronavia.cl/wp-content/uploads/2023/04/UV-2-CARTA-COMPROMISOS-DIÁLOGOS-CIUDADANOS-2023.docx-1.pdf,Unidad Vecinal N°2,Municipalidad de Cerro Navia,CN
https://www.cerronavia.cl/wp-content/uploads/2023/04/UV-3-CARTA-COMPROMISOS-DIÁLOGOS-CIUDADANOS-2023.docx-1-1.pdf,Unidad Vecinal N°3,Municipalidad de Cerro Navia,CN
https://www.cerronavia.cl/wp-content/uploads/2023/04/UV-9-CARTA-COMPROMISOS-DIÁLOGOS-CIUDADANOS-2023.docx-1.pdf,Unidad Vecinal N°9,Municipalidad de Cerro Navia,CN
https://www.cerronavia.cl/wp-content/uploads/2023/04/UV-4.pdf,Unidad Vecinal N°4,Municipalidad de Cerro Navia,CN
https://www.cerronavia.cl/wp-content/uploads/2023/04/UV-5.pdf,Unidad Vecinal N°5,Municipalidad de Cerro Navia,CN
https://www.cerronavia.cl/wp-content/uploads/2023/04/UV-6.pdf,Unidad Vecinal N°6,Municipalidad de Cerro Navia,CN
https://www.cerronavia.cl/wp-content/uploads/2023/04/UV-10.pdf,Unidad Vecinal N°10,Municipalidad de Cerro Navia,CN
https://www.cerronavia.cl/wp-content/uploads/2023/05/UV-12.pdf,Unidad Vecinal N°12,Municipalidad de Cerro Navia,CN
https://www.cerronavia.cl/wp-content/uploads/2023/05/UV-13.pdf,Unidad Vecinal N°13,Municipalidad de Cerro Navia,CN
https://www.cerronavia.cl/wp-content/uploads/2023/05/UV-22.pdf,Unidad Vecinal N°22,Municipalidad de Cerro Navia,CN
https://www.cerronavia.cl/wp-content/uploads/2023/05/UV-7.pdf,Unidad Vecinal N°7,Municipalidad de Cerro Navia,CN
https://www.cerronavia.cl/wp-content/uploads/2023/05/UV-8.pdf,Unidad Vecinal N°8,Municipalidad de Cerro Navia,CN
https://www.cerronavia.cl/wp-content/uploads/2022/10/UV29.pdf,Unidad Vecinal Nº29,Municipalidad de Cerro Navia,CN
https://www.cerronavia.cl/wp-content/uploads/2022/10/UV30.pdf,Unidad Vecinal Nº30,Municipalidad de Cerro Navia,CN
https://www.cerronavia.cl/wp-content/uploads/2022/10/UV33.pdf,Unidad Vecinal Nº33,Municipalidad de Cerro Navia,CN
https://www.cerronavia.cl/wp-content/uploads/2022/10/UV34.pdf,Unidad Vecinal Nº34,Municipalidad de Cerro Navia,CN
https://www.cerronavia.cl/wp-content/uploads/2022/10/UV36.docx-2.pdf,Unidad Vecinal Nº36,Municipalidad de Cerro Navia,CN
https://www.cerronavia.cl/wp-content/uploads/2022/10/UV37.docx-2.pdf,Unidad Vecinal Nº37,Municipalidad de Cerro Navia,CN
https://www.cerronavia.cl/wp-content/uploads/2022/10/UV31.pdf,Unidad Vecinal Nº31,Municipalidad de Cerro Navia,CN
https://www.cerronavia.cl/wp-content/uploads/2022/10/UV32.pdf,Unidad Vecinal Nº32,Municipalidad de Cerro Navia,CN
https://www.cerronavia.cl/wp-content/uploads/2022/10/UV35.pdf,Unidad Vecinal Nº35,Municipalidad de Cerro Navia,CN
https://www.cerronavia.cl/wp-content/uploads/2022/08/UV24dialogo.pdf,Unidad Vecinal Nº24,Municipalidad de Cerro Navia,CN
https://www.cerronavia.cl/wp-content/uploads/2022/08/UV25.pdf,Unidad Vecinal Nº25,Municipalidad de Cerro Navia,CN
https://www.cerronavia.cl/wp-content/uploads/2022/08/UV26.pdf,Unidad Vecinal Nº26,Municipalidad de Cerro Navia,CN
https://www.cerronavia.cl/wp-content/uploads/2022/08/uv11-firmada.pdf,Unidad Vecinal Nº11,Municipalidad de Cerro Navia,CN
https://www.cerronavia.cl/wp-content/uploads/2022/08/Carta-UV-23.docx.pdf,Unidad Vecinal Nº23,Municipalidad de Cerro Navia,CN
https://www.cerronavia.cl/wp-content/uploads/2022/08/uv28-firmada.pdf,Unidad Vecinal Nº28,Municipalidad de Cerro Navia,CN
https://www.cerronavia.cl/wp-content/uploads/2022/06/UV14.pdf,Unidad vecinal Nº14,Municipalidad de Cerro Navia,CN
https://www.cerronavia.cl/wp-content/uploads/2022/06/UV18.pdf,Unidad vecinal Nº18,Municipalidad de Cerro Navia,CN
https://www.cerronavia.cl/wp-content/uploads/2022/06/UV19.pdf,Unidad vecinal Nº19,Municipalidad de Cerro Navia,CN
https://www.cerronavia.cl/wp-content/uploads/2022/06/UV20.pdf,Unidad vecinal Nº20,Municipalidad de Cerro Navia,CN
https://www.cerronavia.cl/wp-content/uploads/2022/06/UV21.pdf,Unidad vecinal Nº21,Municipalidad de Cerro Navia,CN
https://www.cerronavia.cl/wp-content/uploads/2022/06/UV15.pdf,Unidad Vecinal Nº15,Municipalidad de Cerro Navia,CN
https://www.cerronavia.cl/wp-content/uploads/2022/06/UV16.pdf,Unidad Vecinal Nº16,Municipalidad de Cerro Navia,CN
https://www.cerronavia.cl/wp-content/uploads/2022/06/UV17.pdf,Unidad Vecinal Nº17,Municipalidad de Cerro Navia,CN
https://www.cerronavia.cl/wp-content/uploads/2022/06/UV27.pdf,Unidad Vecinal Nº27,Municipalidad de Cerro Navia,CN
https://www.cerronavia.cl/wp-content/uploads/2022/06/UV1.pdf,Unidad Vecinal Nº1,Municipalidad de Cerro Navia,CN
https://www.cerronavia.cl/wp-content/uploads/2022/06/UV2.pdf,Unidad Vecinal Nº2,Municipalidad de Cerro Navia,CN
https://www.cerronavia.cl/wp-content/uploads/2022/06/UV3.pdf,Unidad Vecinal Nº3,Municipalidad de Cerro Navia,CN
https://www.cerronavia.cl/wp-content/uploads/2022/06/UV9.pdf,Unidad Vecinal Nº9,Municipalidad de Cerro Navia,CN
https://www.cerronavia.cl/wp-content/uploads/2022/06/UV4.pdf,Unidad Vecinal Nº4,Municipalidad de Cerro Navia,CN
https://www.cerronavia.cl/wp-content/uploads/2022/06/UV5.pdf,Unidad Vecinal Nº5,Municipalidad de Cerro Navia,CN
https://www.cerronavia.cl/wp-content/uploads/2022/06/UV6.pdf,Unidad Vecinal Nº6,Municipalidad de Cerro Navia,CN
https://www.cerronavia.cl/wp-content/uploads/2022/06/UV10.pdf,Unidad Vecinal Nº10,Municipalidad de Cerro Navia,CN
https://www.cerronavia.cl/wp-content/uploads/2022/07/Carta-UV-12.docx-1.pdf,Unidad Vecinal Nº12,Municipalidad de Cerro Navia,CN
https://www.cerronavia.cl/wp-content/uploads/2022/07/CompromisosUV13.pdf,Unidad Vecinal Nº13,Municipalidad de Cerro Navia,CN
https://www.cerronavia.cl/wp-content/uploads/2022/07/CompromisosUV22.pdf,Unidad Vecinal Nº22,Municipalidad de Cerro Navia,CN
https://www.cerronavia.cl/wp-content/uploads/2022/08/UV7.pdf,Unidad Vecinal Nº7,Municipalidad de Cerro Navia,CN
https://www.cerronavia.cl/wp-content/uploads/2022/08/UV8.pdf,Unidad Vecinal Nº8,Municipalidad de Cerro Navia,CN
https://www.cerronavia.cl/wp-content/uploads/2021/11/Compromisos-Diálogo-23-y-24.pdf,Carta de compromiso 10/11/2021,Municipalidad de Cerro Navia,CN
https://www.cerronavia.cl/wp-content/uploads/2021/11/Compromisos-Diálogo-29-y-30.pdf,Carta de compromiso 04/11/2021,Municipalidad de Cerro Navia,CN
https://www.cerronavia.cl/wp-content/uploads/2021/10/Compromisos-Diálogo-31-y-32.pdf,Carta de compromiso 28/10/2021,Municipalidad de Cerro Navia,CN
https://www.cerronavia.cl/wp-content/uploads/2021/10/Compromisos-Diálogo-36-y-37.pdf,Carta de compromisos 21/10/2021,Municipalidad de Cerro Navia,CN
https://www.cerronavia.cl/wp-content/uploads/2021/10/Compromisos-Diálogo-25-y-26.pdf,Carta de compromiso 14/10/2021,Municipalidad de Cerro Navia,CN
https://www.cerronavia.cl/wp-content/uploads/2021/10/Compromisos-Diálogo-33-y-34.pdf,Carta de compromiso 07/10/2021,Municipalidad de Cerro Navia,CN
https://www.cerronavia.cl/wp-content/uploads/2021/09/Compromisos-Diálogo-11-y-28.pdf,Carta de compromiso 30/09/2021,Municipalidad de Cerro Navia,CN
https://www.cerronavia.cl/wp-content/uploads/2021/09/Compromisos-Diálogo-7-y-8.pdf,Carta de compromiso 23/09/2021,Municipalidad de Cerro Navia,CN
https://www.cerronavia.cl/wp-content/uploads/2021/09/Compromisos-Diálogo-12-y-22.pdf,Carta de compromiso 08/09/2021,Municipalidad de Cerro Navia,CN
https://www.cerronavia.cl/wp-content/uploads/2021/09/Compromisos-Diálogo-UV-21.pdf,Carta de compromiso 01-09-2021,Municipalidad de Cerro Navia,CN
https://www.cerronavia.cl/wp-content/uploads/2021/08/Compromisos-Diálogo-27-y-35.pdf,Carta de compromiso 26/08/2021,Municipalidad de Cerro Navia,CN
https://www.cerronavia.cl/wp-content/uploads/2021/08/Compromisos-Diálogo-19-y-20.pdf,Carta de compromiso 19/08/2021,Municipalidad de Cerro Navia,CN
https://www.cerronavia.cl/wp-content/uploads/2021/08/Compromisos-Diálogo-14-y-15.pdf,Carta de compromiso 12/08/2021,Municipalidad de Cerro Navia,CN
https://www.cerronavia.cl/wp-content/uploads/2021/08/Compromisos-Diálogo-9-y-13.docx-1.pdf,Carta de compromiso 05/08/2021,Municipalidad de Cerro Navia,CN
https://www.cerronavia.cl/wp-content/uploads/2021/07/Compromisos-Diálogo-17-y-18.pdf,Carta de Compromiso 29/07/2021,Municipalidad de Cerro Navia,CN
https://www.cerronavia.cl/wp-content/uploads/2021/07/Compromisos-Diálogo-10-y-16.pdf,Carta de compromiso 22/07/2021,Municipalidad de Cerro Navia,CN
https://www.cerronavia.cl/wp-content/uploads/2021/07/Compromisos-Diálogo-3-y-4.pdf,Carta de compromiso 15/07/2021,Municipalidad de Cerro Navia,CN
https://www.cerronavia.cl/wp-content/uploads/2021/07/Compromisos-Diálogo-1-y-2.pdf,Carta de compromiso 08/07/2021,Municipalidad de Cerro Navia,CN
https://www.cerronavia.cl/wp-content/uploads/2021/07/Compromisos-Diálogo-5-y-6.pdf,Carta de Compromiso 01/07/2021,Municipalidad de Cerro Navia,CN
https://www.cerronavia.cl/wp-content/uploads/2020/12/Compromisos-Diálogo-36-y-37.pdf,Carta de Compromiso UV 36 y 37,Municipalidad de Cerro Navia,CN
https://www.cerronavia.cl/wp-content/uploads/2020/12/Compromisos-Diálogo-33-y-34.pdf,Carta de Compromiso UV 33 y 34,Municipalidad de Cerro Navia,CN
https://www.cerronavia.cl/wp-content/uploads/2020/12/Compromisos-Diálogo-29-y-30.pdf,Carta de Compromiso UV 29 y 30,Municipalidad de Cerro Navia,CN
https://www.cerronavia.cl/wp-content/uploads/2020/11/Compromisos-Diálogo-31-32-y-35.pdf,"Carta de Compromiso UV 31, 32 y 35",Municipalidad de Cerro Navia,CN
https://www.cerronavia.cl/wp-content/uploads/2020/11/Compromisos-Diálogo-25-y-26.pdf,Carta de Compromiso UV 25 y 26,Municipalidad de Cerro Navia,CN
https://www.cerronavia.cl/wp-content/uploads/2020/11/Compromisos-Diálogo-24-y-28.pdf,Carta de Compromiso UV 24 y 28 (12/11/2020),Municipalidad de Cerro Navia,CN
https://www.cerronavia.cl/wp-content/uploads/2020/11/CompromisosDialogo11y23.pdf,Carta de Compromiso 05/11/2020,Municipalidad de Cerro Navia,CN
https://www.cerronavia.cl/wp-content/uploads/2020/10/Compromisos-Diálogo-7-y-8.pdf,Carta de Compromiso 30/10/2020,Municipalidad de Cerro Navia,CN
https://www.cerronavia.cl/wp-content/uploads/2020/10/Compromisos-Diálogo-12-y-22.pdf,Carta de Compromiso 22/10/2020,Municipalidad de Cerro Navia,CN
https://www.cerronavia.cl/wp-content/uploads/2020/10/Compromisos-Diálogo-9-y-13.pdf,Carta de Compromiso 15/10/2020,Municipalidad de Cerro Navia,CN
https://www.cerronavia.cl/wp-content/uploads/2020/10/Compromisos-Dia%CC%81logo-14-15-y-21.docx.pdf,Carta de Compromiso 08/10/2020,Municipalidad de Cerro Navia,CN
https://www.cerronavia.cl/wp-content/uploads/2020/10/Compromisos-Diálogo-17-18-19-y-20.docx-1.pdf,Carta de Compromiso 01/10/2020,Municipalidad de Cerro Navia,CN
https://www.cerronavia.cl/wp-content/uploads/2020/09/Compromisos-Diálogo-456.pdf,Carta de Compromiso 10/09/2020,Municipalidad de Cerro Navia,CN
https://www.cerronavia.cl/wp-content/uploads/2020/09/Compromisos-Diálogo-123-08092020.pdf,Carta de Compromiso 08/09/2020,Municipalidad de Cerro Navia,CN
